nomeArq,largura,altura,media,variancia,skewness,kurtosis,energy,entropy,className,classId
../flowers(novas)/daisy/daisy-089.jpg,240,240,259.4594594594595,38336.1640625,0.5984098049456269,-0.8428467987331918,0.08285099486730103,5.1222664909114854,daisy,0
../flowers(novas)/daisy/daisy-041.jpg,240,240,229.4820717131474,254080.78125,5.120011273807197,27.535038104811054,0.15333378151353583,4.569673447790108,daisy,0
../flowers(novas)/daisy/daisy-088.jpg,240,240,227.6679841897233,174596.4765625,13.089506500578308,191.96887982168562,0.13182640233293463,5.034895073089844,daisy,0
../flowers(novas)/daisy/daisy-091.jpg,240,240,244.0677966101695,90395.8125,1.8744878887393255,2.7445703104385153,0.1043131608782296,4.842056372852172,daisy,0
../flowers(novas)/daisy/daisy-066.jpg,240,240,229.4820717131474,114533.6484375,3.4781280608411542,13.705549133837103,0.11288809890003414,4.8636554499142175,daisy,0
../flowers(novas)/daisy/daisy-038.jpg,240,240,243.0379746835443,156326.390625,3.281253326057658,11.116597372526085,0.1263664176070628,4.661255799444996,daisy,0
../flowers(novas)/daisy/daisy-018.jpg,240,240,231.32530120481928,21388.9375,1.3058477859983209,1.1988946808736314,0.07454281306697697,5.345076979680394,daisy,0
../flowers(novas)/daisy/daisy-095.jpg,240,240,225.0,102813.09375,3.227446023080846,9.672594410692433,0.1088088189700088,4.97716790230036,daisy,0
../flowers(novas)/daisy/daisy-020.jpg,240,240,243.0379746835443,75145.4765625,1.7065299665647569,2.9208484582562786,0.09851148197260974,4.92001664636255,daisy,0
../flowers(novas)/daisy/daisy-034.jpg,240,240,233.19838056680163,24941.890625,0.8356668987593938,2.699272493033403,0.07635953507983155,5.267905886012513,daisy,0
../flowers(novas)/daisy/daisy-037.jpg,240,240,239.00414937759336,48539.6484375,1.4025087668494771,1.136153744880799,0.08747338591614172,5.1018299851056295,daisy,0
../flowers(novas)/daisy/daisy-062.jpg,240,240,225.0,14395.4765625,0.6601754515788307,-0.3018808658318277,0.07083086954456944,5.403169819175812,daisy,0
../flowers(novas)/daisy/daisy-029.jpg,240,240,258.29596412556054,3871487.015625,15.692125271885478,246.37704845101808,0.5501200777749025,2.8024837761737116,daisy,0
../flowers(novas)/daisy/daisy-004.jpg,240,240,232.25806451612902,2590228.875,15.610962025659921,244.68791030953867,0.451408450430838,3.3387189896548897,daisy,0
../flowers(novas)/daisy/daisy-040.jpg,240,240,225.0,31372.6328125,4.222689532998204,41.26226856563664,0.07954230220750894,5.29219634608406,daisy,0
../flowers(novas)/daisy/daisy-059.jpg,240,240,225.0,9558.8359375,0.2117674960422913,-0.9523331111697075,0.06814553911555993,5.4476034722729345,daisy,0
../flowers(novas)/daisy/daisy-017.jpg,240,240,228.57142857142858,76845.859375,1.871225179854389,2.824570085023094,0.0991751705718096,4.952247030715045,daisy,0
../flowers(novas)/daisy/daisy-098.jpg,240,240,253.7444933920705,19509.90625,0.32299724776154326,0.5025221864976643,0.07356387701019845,5.301235061709701,daisy,0
../flowers(novas)/daisy/daisy-077.jpg,240,240,225.0,110263.953125,3.9958157895186655,19.351044675079475,0.1114193478461433,4.947972324190798,daisy,0
../flowers(novas)/daisy/daisy-027.jpg,240,240,245.10638297872342,27206.5,0.666443762694714,0.05411249580261446,0.0774952706641421,5.243626671238957,daisy,0
../flowers(novas)/daisy/daisy-001.jpg,240,240,232.25806451612902,43185.2890625,0.9604713316414122,-0.04503423141565932,0.08507907045878658,5.108710670825484,daisy,0
../flowers(novas)/daisy/daisy-022.jpg,240,240,232.25806451612902,50094.234375,0.5097009891344703,-1.190270629769892,0.08815637164872724,4.974497818908269,daisy,0
../flowers(novas)/daisy/daisy-067.jpg,240,240,240.0,21047.4140625,0.170114111976394,-0.41980596852691043,0.07436584473296341,5.279420306096712,daisy,0
../flowers(novas)/daisy/daisy-086.jpg,240,240,250.43478260869566,17771.34375,1.0598484089796223,3.7059978950572425,0.07264637403010712,5.338731045838052,daisy,0
../flowers(novas)/daisy/daisy-096.jpg,240,240,226.77165354330708,53343.203125,1.2174703327312097,0.5050749724803176,0.08956694644481038,5.060596215382503,daisy,0
../flowers(novas)/daisy/daisy-019.jpg,240,240,231.32530120481928,88924.328125,1.6524974374995336,1.2658087630103623,0.10376750489133608,4.862476506784071,daisy,0
../flowers(novas)/daisy/daisy-006.jpg,240,240,225.88235294117646,29789.625,1.692766300783061,2.6747853077790733,0.07877075711154442,5.29906408529923,daisy,0
../flowers(novas)/daisy/daisy-053.jpg,240,240,235.10204081632654,70948.9921875,1.6693466300528343,1.5911436284854128,0.09685406173066183,4.988143758017648,daisy,0
../flowers(novas)/daisy/daisy-043.jpg,240,240,248.27586206896552,45696.7109375,0.8953523028731181,-0.21154618387711777,0.08621038674205392,5.077637701655033,daisy,0
../flowers(novas)/daisy/daisy-025.jpg,240,240,225.0,190039.1640625,6.57003493039676,56.11024638122179,0.136270927734287,4.818684275719955,daisy,0
../flowers(novas)/daisy/daisy-030.jpg,240,240,242.01680672268907,44749.7109375,0.8510751949014466,-0.5997776773760561,0.08578554537076852,5.098834591150135,daisy,0
../flowers(novas)/daisy/daisy-026.jpg,240,240,238.01652892561984,64181.5546875,1.774764395907564,2.1598438010091403,0.09411976654392215,5.043110552532649,daisy,0
../flowers(novas)/daisy/daisy-092.jpg,240,240,225.0,64533.8203125,2.456979738470276,7.8822976835478205,0.09426405170512107,5.081419777984926,daisy,0
../flowers(novas)/daisy/daisy-080.jpg,240,240,240.0,51826.609375,1.1181781446230852,-0.05704099245751282,0.08891128596956825,5.054931048668129,daisy,0
../flowers(novas)/daisy/daisy-021.jpg,240,240,232.25806451612902,25841.015625,0.28750205318544314,-0.847814236953127,0.07681246986408112,5.239682823866962,daisy,0
../flowers(novas)/daisy/daisy-048.jpg,240,240,225.0,36239.0078125,0.9665551506737371,-0.191945675772363,0.08186861265844698,5.208282497499049,daisy,0
../flowers(novas)/daisy/daisy-036.jpg,240,240,231.32530120481928,75238.1171875,8.244900819118051,85.35607369271277,0.09854775632561742,5.195688629767268,daisy,0
../flowers(novas)/daisy/daisy-058.jpg,240,240,225.0,111746.25,1.479617125574408,0.6691587254337761,0.11193143362493546,4.649945369064977,daisy,0
../flowers(novas)/daisy/daisy-016.jpg,240,240,225.88235294117646,13529.15625,-0.04838432255348091,-0.6542897217870434,0.07035741877950623,5.3841417013791295,daisy,0
../flowers(novas)/daisy/daisy-076.jpg,240,240,232.25806451612902,78611.4296875,1.4227681544877717,1.1183956318219703,0.09985963516429752,4.860290288904294,daisy,0
../flowers(novas)/daisy/daisy-005.jpg,240,240,225.0,45110.4921875,1.0672683920417907,-0.24425024194791067,0.08594764600600627,5.142265411644296,daisy,0
../flowers(novas)/daisy/daisy-083.jpg,240,240,233.19838056680163,25396.65625,1.035390000856616,1.4940906636682207,0.07658895832826454,5.279784310359202,daisy,0
../flowers(novas)/daisy/daisy-055.jpg,240,240,229.4820717131474,79915.46875,3.766189824236435,22.363469504261744,0.10036217929668034,5.003215872969081,daisy,0
../flowers(novas)/daisy/daisy-046.jpg,240,240,236.0655737704918,1277417.8515625,15.109062387666931,233.993176086021,0.32011317100393244,3.921759091084955,daisy,0
../flowers(novas)/daisy/daisy-002.jpg,240,240,230.4,28579.6875,1.0661002724465969,0.6919146375553917,0.07817590933865705,5.259605423682176,daisy,0
../flowers(novas)/daisy/daisy-015.jpg,240,240,253.7444933920705,62657.75,2.345642328838291,8.152270823533946,0.09349306355071892,4.996675477438134,daisy,0
../flowers(novas)/daisy/daisy-042.jpg,240,240,241.0041841004184,76953.4296875,1.890533733082455,2.5584148874888566,0.09921700779796361,4.944225216523392,daisy,0
../flowers(novas)/daisy/daisy-045.jpg,240,240,239.00414937759336,104339.1796875,2.5737465328085043,6.84324407315996,0.10934858311934514,4.827919313395649,daisy,0
../flowers(novas)/daisy/daisy-003.jpg,240,240,237.03703703703704,66836.921875,1.4233387912692896,0.9093451058588795,0.09520199524044833,4.953145093240915,daisy,0
../flowers(novas)/daisy/daisy-051.jpg,240,240,225.0,203015.5859375,8.773907007578853,105.08499655125159,0.1398965076960388,4.7771100463624325,daisy,0
../flowers(novas)/daisy/daisy-057.jpg,240,240,238.01652892561984,15310.171875,2.038648009326021,9.888886454241907,0.07132734694669152,5.393320418392836,daisy,0
../flowers(novas)/daisy/daisy-024.jpg,240,240,232.25806451612902,54696.15625,1.9719882594939762,2.9847383870598376,0.09014783650591693,5.132404919049145,daisy,0
../flowers(novas)/daisy/daisy-061.jpg,240,240,232.25806451612902,18406.3828125,0.15746882274213003,-0.9726185543389625,0.07298284447309696,5.334916761114169,daisy,0
../flowers(novas)/daisy/daisy-085.jpg,240,240,235.10204081632654,93744.0859375,1.665750370457911,1.4596566488790765,0.1055442559512988,4.801222847776384,daisy,0
../flowers(novas)/daisy/daisy-100.jpg,240,240,225.0,88682.265625,1.2763024395870015,0.11913317255573119,0.10367746818540863,4.774380599033427,daisy,0
../flowers(novas)/daisy/daisy-073.jpg,240,240,263.013698630137,169845.5546875,2.4359170431290744,4.989005857039748,0.13042858917444247,4.449387052777448,daisy,0
../flowers(novas)/daisy/daisy-033.jpg,240,240,225.0,1261947.8046875,13.522695884393128,197.70284703069254,0.31824324940804105,3.7977834945287547,daisy,0
../flowers(novas)/daisy/daisy-074.jpg,240,240,271.6981132075472,33509.140625,0.3748053289541147,-0.7356395875682482,0.08057190477051393,5.136734674513571,daisy,0
../flowers(novas)/daisy/daisy-039.jpg,240,240,238.01652892561984,61931.7890625,1.2219634390562104,0.8907455945306233,0.09319301168897826,4.938646833213393,daisy,0
../flowers(novas)/daisy/daisy-023.jpg,240,240,233.19838056680163,82415.2421875,6.980709475284892,59.9171964590063,0.10131856091591772,5.14011345989047,daisy,0
../flowers(novas)/daisy/daisy-014.jpg,240,240,225.0,14571.9453125,0.4765873393781567,-0.6243508473674497,0.07092692363506876,5.393877945286931,daisy,0
../flowers(novas)/daisy/daisy-049.jpg,240,240,280.9756097560976,193806.5625,3.8578146519067884,18.852214224952554,0.13733339022045749,4.420053236750913,daisy,0
../flowers(novas)/daisy/daisy-008.jpg,240,240,225.0,256374.9296875,11.204234421837821,141.46250447896463,0.15390992878820733,4.931534113661257,daisy,0
../flowers(novas)/daisy/daisy-032.jpg,240,240,266.6666666666667,21612.84375,-0.1566776047208721,-0.7220631371312107,0.07465860765350008,5.247976470994287,daisy,0
../flowers(novas)/daisy/daisy-031.jpg,240,240,225.0,22343.2890625,1.07796240643166,0.7760374254151721,0.07503511989585605,5.337658644018857,daisy,0
../flowers(novas)/daisy/daisy-081.jpg,240,240,244.0677966101695,40050.0234375,0.7536833224279368,0.4290331251631607,0.08364526039308415,5.112633951539781,daisy,0
../flowers(novas)/daisy/daisy-013.jpg,240,240,248.27586206896552,77784.4296875,1.4575663566914343,0.8932445658259285,0.09953961526322846,4.888267332692137,daisy,0
../flowers(novas)/daisy/daisy-084.jpg,240,240,233.19838056680163,122071.7265625,2.046548323373365,2.983261562349692,0.11543554350327549,4.690000361347471,daisy,0
../flowers(novas)/daisy/daisy-090.jpg,240,240,225.0,168557.171875,3.94112206355949,15.485893938238455,0.13004693237437231,4.744713092559874,daisy,0
../flowers(novas)/daisy/daisy-082.jpg,240,240,237.03703703703704,40962.53125,0.557253772376947,-1.2628379586924023,0.08406508870905027,5.107144122457366,daisy,0
../flowers(novas)/daisy/daisy-063.jpg,240,240,229.4820717131474,143896.5546875,3.09886461144099,8.70844270106709,0.12251277165958864,4.764692580317805,daisy,0
../flowers(novas)/daisy/daisy-093.jpg,240,240,225.0,106841.3125,3.550424401752548,15.612610785001387,0.11022784781370801,4.933322260109314,daisy,0
../flowers(novas)/daisy/daisy-044.jpg,240,240,225.0,19579.5,0.9368177815938497,0.715214637475202,0.07360036609208469,5.356072720104839,daisy,0
../flowers(novas)/daisy/daisy-050.jpg,240,240,225.0,146233.203125,10.704302849484499,141.58114061571308,0.12324640427636205,5.033617380364981,daisy,0
../flowers(novas)/daisy/daisy-070.jpg,240,240,228.57142857142858,157474.4609375,6.182852978320378,61.31192829253426,0.12671644396487536,4.680908894728672,daisy,0
../flowers(novas)/daisy/daisy-009.jpg,240,240,261.8181818181818,6498528.5703125,15.862013389245668,250.06200084244028,0.7108698359300553,2.0082848603338253,daisy,0
../flowers(novas)/daisy/daisy-012.jpg,240,240,227.6679841897233,2304532.21875,15.577959388666482,243.93486264276768,0.4262922636400429,3.5454375739047332,daisy,0
../flowers(novas)/daisy/daisy-078.jpg,240,240,225.0,66348.2265625,1.893074773464841,3.9229039296601877,0.09500374690568171,5.006273857181566,daisy,0
../flowers(novas)/daisy/daisy-094.jpg,240,240,264.2201834862385,156012.3828125,2.1472067246120963,3.3931502543038192,0.12627051318880628,4.482263567089897,daisy,0
../flowers(novas)/daisy/daisy-054.jpg,240,240,226.77165354330708,54268.890625,1.5089685246359594,1.9572131815894114,0.08996479533727157,5.061280579288294,daisy,0
../flowers(novas)/daisy/daisy-087.jpg,240,240,260.6334841628959,99486.3984375,1.6403538285104418,1.92115862235923,0.10762281185939693,4.720212258241772,daisy,0
../flowers(novas)/daisy/daisy-011.jpg,240,240,225.0,191316.8359375,3.307661971775708,10.991759978346387,0.13663217607279535,4.534264538300815,daisy,0
../flowers(novas)/daisy/daisy-097.jpg,240,240,261.8181818181818,225934.109375,3.083377553330473,9.132088496170761,0.1460802431945357,4.320074464736904,daisy,0
../flowers(novas)/daisy/daisy-035.jpg,240,240,225.0,44280.1640625,1.670435739206554,2.948248057473392,0.08557411598030204,5.178252102317744,daisy,0
../flowers(novas)/daisy/daisy-072.jpg,240,240,228.57142857142858,95197.9921875,1.4037167407627855,0.46338857087767815,0.10607437998188661,4.758204560425139,daisy,0
../flowers(novas)/daisy/daisy-079.jpg,240,240,225.88235294117646,84762.3359375,1.5266236449268065,1.117744177925589,0.10220838370153973,4.847186735500916,daisy,0
../flowers(novas)/daisy/daisy-064.jpg,240,240,225.0,52198.8828125,1.476944508081802,1.116481562420585,0.08907267580486498,5.113697623563304,daisy,0
../flowers(novas)/daisy/daisy-069.jpg,240,240,225.0,69272.703125,1.3885577790848778,0.6657689291198614,0.09618402144778146,4.981134432205136,daisy,0
../flowers(novas)/daisy/daisy-075.jpg,240,240,279.6116504854369,54711.7890625,0.7675743104644963,-0.6184263493911,0.09015452657648387,4.94697045322391,daisy,0
../flowers(novas)/daisy/daisy-056.jpg,240,240,226.77165354330708,35598.21875,0.6887845575058104,-0.8594358000362226,0.08156608448440616,5.1928102889459,daisy,0
../flowers(novas)/daisy/daisy-052.jpg,240,240,225.0,1587508.7734375,11.078426437096523,123.46875537238897,0.35552666695114077,3.5300441793151625,daisy,0
../flowers(novas)/daisy/daisy-071.jpg,240,240,225.0,14420.265625,-0.024965075262233356,-0.29468323802361107,0.07084437039556374,5.367708913830671,daisy,0
../flowers(novas)/daisy/daisy-065.jpg,240,240,225.0,122554.359375,2.3009907222186063,4.336617192809222,0.11559673390734834,4.752158193619154,daisy,0
../flowers(novas)/daisy/daisy-099.jpg,240,240,225.0,83507.015625,1.6738133975674683,1.7158324156478173,0.10173343876846691,4.894584355239256,daisy,0
../flowers(novas)/daisy/daisy-007.jpg,240,240,334.8837209302326,117403.40625,1.3742959891178106,0.3823823640760371,0.11386463368070324,4.518080630280357,daisy,0
../flowers(novas)/daisy/daisy-047.jpg,240,240,229.4820717131474,73400.015625,1.9392151661179051,3.28152328381924,0.09782551534516083,4.9902419063973245,daisy,0
../flowers(novas)/daisy/daisy-028.jpg,240,240,232.25806451612902,15837.8125,0.1894139777705295,-0.05356997605012914,0.07161217378101278,5.353965499115327,daisy,0
../flowers(novas)/daisy/daisy-068.jpg,240,240,231.32530120481928,337677.9921875,3.959038767220651,17.88941309181157,0.1730943402649305,4.027185850406582,daisy,0
../flowers(novas)/daisy/daisy-010.jpg,240,240,229.4820717131474,50108.640625,2.0849539192502426,4.745264564330672,0.08816267609160192,5.156824118786435,daisy,0
../flowers(novas)/daisy/daisy-060.jpg,240,240,263.013698630137,44066.1640625,0.8864722914935828,-0.13421675256746735,0.08547758174007482,5.086699588539982,daisy,0
../flowers(novas)/sunflower/sunflower-040.jpg,240,240,248.27586206896552,35264.125,1.2262564725849725,2.0838072549656923,0.08140790686034567,5.181097990324416,sunflower,1
../flowers(novas)/sunflower/sunflower-011.jpg,240,240,226.77165354330708,14792.0,-0.1625666706138292,-1.2103788813052168,0.07104652014484142,5.368418352091769,sunflower,1
../flowers(novas)/sunflower/sunflower-048.jpg,240,240,244.0677966101695,20255.953125,0.6331218905428452,1.38116158927778,0.07395410296977994,5.310074600596092,sunflower,1
../flowers(novas)/sunflower/sunflower-022.jpg,240,240,229.4820717131474,22071.6640625,0.029293667891839868,-1.0774060924156041,0.07489533028600442,5.276771144452544,sunflower,1
../flowers(novas)/sunflower/sunflower-056.jpg,240,240,231.32530120481928,23717.2109375,4.301480474948249,45.001216819032855,0.07573824468615861,5.329023970246165,sunflower,1
../flowers(novas)/sunflower/sunflower-066.jpg,240,240,232.25806451612902,188242.3671875,3.1628116882173427,10.220642488249405,0.13576127581671135,4.49483640706125,sunflower,1
../flowers(novas)/sunflower/sunflower-097.jpg,240,240,231.32530120481928,50870.9765625,0.6861322713708654,-0.989535849972778,0.08849564776322284,4.999290976327217,sunflower,1
../flowers(novas)/sunflower/sunflower-085.jpg,240,240,249.35064935064935,64137.015625,0.7717004892659006,-0.9640659666759701,0.09410150794873219,4.879045680452155,sunflower,1
../flowers(novas)/sunflower/sunflower-051.jpg,240,240,261.8181818181818,54967.96875,0.9585871685942253,0.2204956304020107,0.09026408817146456,4.959509704658078,sunflower,1
../flowers(novas)/sunflower/sunflower-030.jpg,240,240,242.01680672268907,104358.2109375,3.0299581619009435,10.499086991283962,0.10935529749791037,4.8694496399366844,sunflower,1
../flowers(novas)/sunflower/sunflower-058.jpg,240,240,225.0,15660.0390625,1.3541978123130856,4.584502669206184,0.07151633622757197,5.400175382238588,sunflower,1
../flowers(novas)/sunflower/sunflower-010.jpg,240,240,226.77165354330708,31380.984375,0.13087659548905325,-1.4120146985830764,0.07954635284635875,5.1641848296532284,sunflower,1
../flowers(novas)/sunflower/sunflower-034.jpg,240,240,235.10204081632654,43238.1796875,0.7473735103278646,-0.36150069346110136,0.08510305104327928,5.062765312252425,sunflower,1
../flowers(novas)/sunflower/sunflower-081.jpg,240,240,248.27586206896552,28072.0859375,0.18793263874976052,-0.9781115686269,0.07792500249403903,5.1916011929014445,sunflower,1
../flowers(novas)/sunflower/sunflower-068.jpg,240,240,243.0379746835443,78147.2265625,1.3295610358393848,0.23765637338682666,0.09968013138427083,4.884489821974074,sunflower,1
../flowers(novas)/sunflower/sunflower-055.jpg,240,240,225.0,40735.109375,1.6774363818886902,2.6197975442916235,0.08396065242408729,5.208407871733098,sunflower,1
../flowers(novas)/sunflower/sunflower-001.jpg,240,240,226.77165354330708,20152.671875,0.9536614952729454,0.6884586846881953,0.07390020374675382,5.346034481392821,sunflower,1
../flowers(novas)/sunflower/sunflower-057.jpg,240,240,237.03703703703704,26706.59375,0.4832584659429139,-0.37007628433810824,0.07724599641529234,5.240613934973039,sunflower,1
../flowers(novas)/sunflower/sunflower-003.jpg,240,240,230.4,29157.3515625,0.07585207082727488,-1.3982011492304243,0.07846047186484816,5.189532686128359,sunflower,1
../flowers(novas)/sunflower/sunflower-038.jpg,240,240,248.27586206896552,41249.7890625,1.768598461527273,5.538135758052221,0.08419681760214398,5.136181635672992,sunflower,1
../flowers(novas)/sunflower/sunflower-027.jpg,240,240,237.03703703703704,20529.375,0.7981158002663717,2.988076434818674,0.07409660392327683,5.304076237872249,sunflower,1
../flowers(novas)/sunflower/sunflower-016.jpg,240,240,225.88235294117646,36059.546875,1.6195810564354731,5.900380837551197,0.08178399870426147,5.204580758675009,sunflower,1
../flowers(novas)/sunflower/sunflower-020.jpg,240,240,288.0,38265.671875,0.2752829374371093,-1.1170519445584448,0.08281816309544113,5.062296266108876,sunflower,1
../flowers(novas)/sunflower/sunflower-047.jpg,240,240,228.57142857142858,23925.65625,0.30708377486377364,-0.8338168652515678,0.07584435016129341,5.267969824793443,sunflower,1
../flowers(novas)/sunflower/sunflower-050.jpg,240,240,249.35064935064935,98735.515625,1.7645790323449042,2.5027467017377907,0.1073533005729415,4.731084298783382,sunflower,1
../flowers(novas)/sunflower/sunflower-006.jpg,240,240,258.29596412556054,42078.359375,0.8958406979270159,-0.19555260586998235,0.0845756288112109,5.111503645201677,sunflower,1
../flowers(novas)/sunflower/sunflower-028.jpg,240,240,247.21030042918454,42479.9609375,1.085191026915203,0.2884414261609307,0.08475862648542618,5.122554212323525,sunflower,1
../flowers(novas)/sunflower/sunflower-061.jpg,240,240,270.4225352112676,35985.8828125,1.2307740959439253,1.3430010474800858,0.08174924151708582,5.1774684027145845,sunflower,1
../flowers(novas)/sunflower/sunflower-090.jpg,240,240,233.19838056680163,9461.4609375,-0.7104585432465493,0.051485570585351415,0.06809038844259804,5.415957865869925,sunflower,1
../flowers(novas)/sunflower/sunflower-041.jpg,240,240,270.4225352112676,44516.09375,0.8754423633003905,-0.15105133704479146,0.08568041653146985,5.06984290788334,sunflower,1
../flowers(novas)/sunflower/sunflower-099.jpg,240,240,253.7444933920705,20696.5703125,0.03698562176308624,-0.8545572677047342,0.07418360725821473,5.28240310513023,sunflower,1
../flowers(novas)/sunflower/sunflower-067.jpg,240,240,233.19838056680163,169699.765625,2.562325529350479,5.8814188619270205,0.13038545823050357,4.485092643828191,sunflower,1
../flowers(novas)/sunflower/sunflower-043.jpg,240,240,227.6679841897233,37036.484375,2.0160848001488554,13.331494767240489,0.08224356159601136,5.178896153671115,sunflower,1
../flowers(novas)/sunflower/sunflower-080.jpg,240,240,252.6315789473684,29617.8359375,0.6472163807442165,0.14566416576404784,0.0786865734863917,5.209361484419226,sunflower,1
../flowers(novas)/sunflower/sunflower-077.jpg,240,240,270.4225352112676,61259.6875,1.6116159069773046,2.1268903734933273,0.09291435701331377,4.999108864978053,sunflower,1
../flowers(novas)/sunflower/sunflower-039.jpg,240,240,241.0041841004184,56101.859375,1.5934259458695508,2.586503432600658,0.09074743618415296,5.015019089018393,sunflower,1
../flowers(novas)/sunflower/sunflower-009.jpg,240,240,258.29596412556054,45351.6171875,0.6204356448925008,-0.7178407993329596,0.08605581431866088,5.036996623967946,sunflower,1
../flowers(novas)/sunflower/sunflower-091.jpg,240,240,226.77165354330708,18203.1796875,-0.40879663289046214,-1.344670579194831,0.07287534791623321,5.312822333251596,sunflower,1
../flowers(novas)/sunflower/sunflower-065.jpg,240,240,240.0,181024.71875,2.7871399041793974,7.195034822063814,0.13369445274084052,4.468949023380843,sunflower,1
../flowers(novas)/sunflower/sunflower-032.jpg,240,240,225.0,33146.1484375,2.598774427746563,11.036881816455779,0.08039790533282483,5.26578990717684,sunflower,1
../flowers(novas)/sunflower/sunflower-031.jpg,240,240,229.4820717131474,34601.7421875,1.16621899782269,0.46023615708472,0.08109338761247796,5.225372915086661,sunflower,1
../flowers(novas)/sunflower/sunflower-063.jpg,240,240,250.43478260869566,80671.3984375,1.4008692151502617,0.9571186115130481,0.10065234692328404,4.847595537846444,sunflower,1
../flowers(novas)/sunflower/sunflower-005.jpg,240,240,230.4,29798.9609375,1.6265531550344476,4.905249116903795,0.07877532952310493,5.260585076978682,sunflower,1
../flowers(novas)/sunflower/sunflower-036.jpg,240,240,231.32530120481928,14297.5625,-0.7842530515932173,-0.7333970039754942,0.07077751749690499,5.340836797716908,sunflower,1
../flowers(novas)/sunflower/sunflower-069.jpg,240,240,244.0677966101695,230021.8984375,3.235029573866538,9.87264218193004,0.14715588086956788,4.366418200133141,sunflower,1
../flowers(novas)/sunflower/sunflower-019.jpg,240,240,225.0,19351.7109375,0.89904693891438,1.2672952192812872,0.0734808653483202,5.338521701407698,sunflower,1
../flowers(novas)/sunflower/sunflower-046.jpg,240,240,233.19838056680163,24241.7421875,0.44331883197964306,-0.48826957410777583,0.07600496561684776,5.27094956313802,sunflower,1
../flowers(novas)/sunflower/sunflower-084.jpg,240,240,231.32530120481928,25350.5546875,0.8266905318921389,0.2607066321124645,0.07656573201165086,5.28368059962556,sunflower,1
../flowers(novas)/sunflower/sunflower-017.jpg,240,240,275.5980861244019,28457.6328125,0.2299618020211459,-1.0625485535594683,0.07811565144684197,5.193305239348435,sunflower,1
../flowers(novas)/sunflower/sunflower-087.jpg,240,240,225.0,13411.890625,-0.10021549409521106,-0.43170879618135993,0.07029308716922927,5.378861171006715,sunflower,1
../flowers(novas)/sunflower/sunflower-078.jpg,240,240,263.013698630137,190003.265625,5.049671711634956,27.427486712633765,0.13626076399462228,4.701067853365242,sunflower,1
../flowers(novas)/sunflower/sunflower-035.jpg,240,240,238.01652892561984,24620.3359375,0.009596038170914901,-0.9727288648907901,0.07619689809387313,5.233684741675219,sunflower,1
../flowers(novas)/sunflower/sunflower-094.jpg,240,240,269.1588785046729,45578.234375,1.4176318579128895,2.12628440558694,0.08615735065648816,5.093264611855969,sunflower,1
../flowers(novas)/sunflower/sunflower-075.jpg,240,240,253.7444933920705,49130.3203125,2.655854113333119,15.326160144825728,0.08773351570066638,5.10771459987581,sunflower,1
../flowers(novas)/sunflower/sunflower-014.jpg,240,240,238.01652892561984,24119.1015625,0.49662408926721285,0.26010309698798695,0.07594268751650772,5.256802961100753,sunflower,1
../flowers(novas)/sunflower/sunflower-070.jpg,240,240,232.25806451612902,92590.96875,1.5958667944799034,1.8328120010570261,0.10512190481857331,4.760752857128239,sunflower,1
../flowers(novas)/sunflower/sunflower-004.jpg,240,240,239.00414937759336,38898.65625,0.9638244249497167,0.12571239830496328,0.08311251124507647,5.150853626946472,sunflower,1
../flowers(novas)/sunflower/sunflower-100.jpg,240,240,226.77165354330708,18256.546875,-0.01659499151537845,-1.1551345183415835,0.0729035950584997,5.3322273799361675,sunflower,1
../flowers(novas)/sunflower/sunflower-092.jpg,240,240,226.77165354330708,20503.953125,0.4185021381349513,0.6224094315529323,0.07408336620682102,5.316212184698024,sunflower,1
../flowers(novas)/sunflower/sunflower-013.jpg,240,240,253.7444933920705,339576.2265625,4.782931600566256,24.772203602732876,0.17351691368142252,4.169162069694718,sunflower,1
../flowers(novas)/sunflower/sunflower-042.jpg,240,240,235.10204081632654,60398.53125,2.141027294293378,4.652143805571108,0.09255609379011835,5.084849099086368,sunflower,1
../flowers(novas)/sunflower/sunflower-064.jpg,240,240,244.0677966101695,108898.9609375,1.742921363895994,1.9188832156511255,0.11094569664120445,4.716945468190122,sunflower,1
../flowers(novas)/sunflower/sunflower-045.jpg,240,240,252.6315789473684,19175.0390625,-0.4408516790669271,-0.9281120114417929,0.07338804727758869,5.270515359732267,sunflower,1
../flowers(novas)/sunflower/sunflower-007.jpg,240,240,250.43478260869566,344803.296875,5.177336818380414,28.30439275705544,0.17467524913423774,4.359224596774452,sunflower,1
../flowers(novas)/sunflower/sunflower-018.jpg,240,240,225.88235294117646,31239.40625,2.904317371176653,15.444329563082974,0.07947765732026381,5.2804987229032,sunflower,1
../flowers(novas)/sunflower/sunflower-025.jpg,240,240,251.52838427947597,28830.3125,-0.016789532297968666,-1.4288660383795062,0.07829949648427732,5.171018062665606,sunflower,1
../flowers(novas)/sunflower/sunflower-089.jpg,240,240,272.98578199052133,44024.078125,0.6494655836927559,-0.8803694020590722,0.08545858417040675,5.054870329079357,sunflower,1
../flowers(novas)/sunflower/sunflower-062.jpg,240,240,246.15384615384616,21151.1171875,0.12123784743087143,-0.753435047956255,0.07441962541684581,5.283871056505813,sunflower,1
../flowers(novas)/sunflower/sunflower-024.jpg,240,240,230.4,63134.3671875,2.3004715124009225,5.622080912478504,0.09368953489933002,5.070054876985308,sunflower,1
../flowers(novas)/sunflower/sunflower-026.jpg,240,240,225.0,37056.78125,4.056965289695417,28.12307217395501,0.08225308225771884,5.256087597030401,sunflower,1
../flowers(novas)/sunflower/sunflower-029.jpg,240,240,228.57142857142858,71978.9609375,1.4747370568855325,1.3286290217078358,0.0972634678134776,4.927993500063386,sunflower,1
../flowers(novas)/sunflower/sunflower-002.jpg,240,240,233.19838056680163,97409.484375,3.9240910642519826,22.12309117788563,0.10687569376534625,4.921622657717158,sunflower,1
../flowers(novas)/sunflower/sunflower-021.jpg,240,240,242.01680672268907,183006.7265625,3.342234778017903,11.467611493334882,0.134265183108856,4.55261407825415,sunflower,1
../flowers(novas)/sunflower/sunflower-044.jpg,240,240,225.88235294117646,58329.921875,3.4972250428407814,23.278310524657506,0.09168977902020863,5.07970473071346,sunflower,1
../flowers(novas)/sunflower/sunflower-079.jpg,240,240,265.4377880184332,45940.1953125,0.9562636670427258,-0.06111860914212075,0.0863192803308085,5.069039589006872,sunflower,1
../flowers(novas)/sunflower/sunflower-076.jpg,240,240,263.013698630137,50316.9609375,0.7295177260872309,-0.5367162732877282,0.08825379059178956,4.992939772127955,sunflower,1
../flowers(novas)/sunflower/sunflower-073.jpg,240,240,234.14634146341464,98427.0,1.8578019804185435,2.0732504673249226,0.10724237001263039,4.827478886260871,sunflower,1
../flowers(novas)/sunflower/sunflower-088.jpg,240,240,228.57142857142858,53076.7890625,2.2600235324266413,6.323962786688073,0.08945211710643035,5.1193202893836105,sunflower,1
../flowers(novas)/sunflower/sunflower-082.jpg,240,240,295.38461538461536,47888.890625,1.3128484284077777,1.721713446693932,0.08718589593196756,5.048013903082044,sunflower,1
../flowers(novas)/sunflower/sunflower-012.jpg,240,240,225.0,10092.9296875,-0.006028805865855856,-0.7177316910904654,0.06844724566299443,5.43494695837041,sunflower,1
../flowers(novas)/sunflower/sunflower-054.jpg,240,240,225.0,85904.0,1.6156806004732118,1.3264488898772724,0.10263841903365618,4.882227545303083,sunflower,1
../flowers(novas)/sunflower/sunflower-023.jpg,240,240,264.2201834862385,156448.1328125,2.13658108485464,3.470050613001132,0.12640358059070042,4.44254614013592,sunflower,1
../flowers(novas)/sunflower/sunflower-083.jpg,240,240,245.10638297872342,37183.40625,1.0797142427788247,0.7657610785204683,0.08231245342246778,5.16719618808086,sunflower,1
../flowers(novas)/sunflower/sunflower-015.jpg,240,240,261.8181818181818,57214.0625,2.1891167263737907,6.993514597417999,0.09121905127964239,5.0447070430937275,sunflower,1
../flowers(novas)/sunflower/sunflower-008.jpg,240,240,230.4,17343.15625,-0.3293822600413126,-0.7432167666140952,0.07241861984856936,5.30656259629861,sunflower,1
../flowers(novas)/sunflower/sunflower-060.jpg,240,240,264.2201834862385,59644.0390625,1.6904376269774073,3.3259771553000412,0.09224106194048803,5.007241565631188,sunflower,1
../flowers(novas)/sunflower/sunflower-093.jpg,240,240,234.14634146341464,27963.3125,-0.09124167123059392,-1.5031618245974367,0.07787113073240436,5.18627934608471,sunflower,1
../flowers(novas)/sunflower/sunflower-053.jpg,240,240,259.4594594594595,48774.3671875,1.1880811487088299,0.6079314944916656,0.08757684772983526,5.074732509690255,sunflower,1
../flowers(novas)/sunflower/sunflower-059.jpg,240,240,240.0,38389.53125,1.7811430597870226,5.301956000640983,0.08287584201106622,5.190353234195912,sunflower,1
../flowers(novas)/sunflower/sunflower-049.jpg,240,240,232.25806451612902,25349.21875,0.19353537762013776,-1.3365695170401228,0.07656505885116732,5.25337645236024,sunflower,1
../flowers(novas)/sunflower/sunflower-096.jpg,240,240,246.15384615384616,18533.734375,0.04883082233243613,-0.2966807010183361,0.07305013413291189,5.307067874726963,sunflower,1
../flowers(novas)/sunflower/sunflower-072.jpg,240,240,242.01680672268907,100980.8984375,1.7099002907042322,1.3994955322152522,0.10815722810125931,4.759884889896149,sunflower,1
../flowers(novas)/sunflower/sunflower-086.jpg,240,240,242.01680672268907,11617.8046875,-0.5042722676821284,-0.073402329381977,0.06930141085775238,5.385363905718847,sunflower,1
../flowers(novas)/sunflower/sunflower-033.jpg,240,240,225.0,19568.296875,0.6622780550441789,-0.036776370975033945,0.07359449334176764,5.348931541743403,sunflower,1
../flowers(novas)/sunflower/sunflower-098.jpg,240,240,253.7444933920705,144409.2890625,3.410991276531191,11.85820820936838,0.12267412953549607,4.7631189962671385,sunflower,1
../flowers(novas)/sunflower/sunflower-074.jpg,240,240,225.0,16271.984375,-0.35099853582940505,-1.50912150333333,0.07184569820053835,5.351991528995571,sunflower,1
../flowers(novas)/sunflower/sunflower-037.jpg,240,240,235.10204081632654,57420.1015625,2.0026631772762813,3.492537525000013,0.0913061519951871,5.102162885055403,sunflower,1
../flowers(novas)/sunflower/sunflower-052.jpg,240,240,245.10638297872342,17387.7421875,-0.6564627322126856,-1.1934692372266986,0.07244236863691614,5.298634107849083,sunflower,1
../flowers(novas)/sunflower/sunflower-071.jpg,240,240,237.03703703703704,175296.9765625,3.1523691071172464,10.573129452770914,0.13203125114142744,4.535179485971337,sunflower,1
../flowers(novas)/sunflower/sunflower-095.jpg,240,240,234.14634146341464,24252.90625,0.9064207654625559,0.6632223224101637,0.07601063230228931,5.282250195556507,sunflower,1
../flowers(novas)/tulip/tulip-003.jpg,240,240,225.0,278359.7265625,4.969669346754715,25.827645137242655,0.15932552828456548,4.464633118380847,tulip,2
../flowers(novas)/tulip/tulip-043.jpg,240,240,256.0,28462.1875,0.09455483388620321,-1.057011618425404,0.07811790091202678,5.178960480866008,tulip,2
../flowers(novas)/tulip/tulip-046.jpg,240,240,285.1485148514852,27318.8359375,-0.1620018620929445,-1.1507929938312342,0.07755117582423028,5.160918265363742,tulip,2
../flowers(novas)/tulip/tulip-065.jpg,240,240,342.85714285714283,93120.953125,1.0313499799688817,-0.5138321150070562,0.10531623202897483,4.614004118172039,tulip,2
../flowers(novas)/tulip/tulip-027.jpg,240,240,225.0,97914.609375,2.2427620925279026,5.06669319035813,0.1070578797299317,4.817586364417526,tulip,2
../flowers(novas)/tulip/tulip-062.jpg,240,240,234.14634146341464,140479.1171875,6.88702072721144,54.34862833421818,0.12143182471902104,4.974919782380027,tulip,2
../flowers(novas)/tulip/tulip-004.jpg,240,240,225.0,330184.96875,14.000565848509165,210.2868389547303,0.1714161172208015,4.872623580073762,tulip,2
../flowers(novas)/tulip/tulip-089.jpg,240,240,241.0041841004184,37035.0546875,0.5706675518549157,-0.7851871714055565,0.08224289093048343,5.134045209603723,tulip,2
../flowers(novas)/tulip/tulip-040.jpg,240,240,248.27586206896552,144500.1875,2.7671496750821585,7.501771446969919,0.12270271319582662,4.628663029537622,tulip,2
../flowers(novas)/tulip/tulip-094.jpg,240,240,225.0,13648.4921875,0.14568476867073152,-0.7596103473954048,0.07042282582503803,5.394918945740126,tulip,2
../flowers(novas)/tulip/tulip-030.jpg,240,240,245.10638297872342,23089.078125,0.7671489948536406,1.4312303917620586,0.07541760185884254,5.277719624989402,tulip,2
../flowers(novas)/tulip/tulip-042.jpg,240,240,225.0,8384588.703125,15.897532488637852,250.82225195221906,0.8067622046617925,1.4747054458808142,tulip,2
../flowers(novas)/tulip/tulip-099.jpg,240,240,225.0,9265.46875,-0.1496519092676738,-0.7611992376001013,0.06797924789441351,5.440399658726951,tulip,2
../flowers(novas)/tulip/tulip-044.jpg,240,240,244.0677966101695,3435695.3359375,15.677789676269917,246.00426793240152,0.5186580749979793,3.085185445650803,tulip,2
../flowers(novas)/tulip/tulip-045.jpg,240,240,233.19838056680163,25350.453125,1.3221179151556386,1.7413985389075455,0.07656568083591554,5.303330868863135,tulip,2
../flowers(novas)/tulip/tulip-068.jpg,240,240,225.0,13911.890625,0.8608811445086156,3.8269971436464347,0.07056697776364271,5.401045801260684,tulip,2
../flowers(novas)/tulip/tulip-081.jpg,240,240,229.4820717131474,149183.2890625,7.851572420870969,80.02515735069116,0.1241664457686638,4.927632233843523,tulip,2
../flowers(novas)/tulip/tulip-072.jpg,240,240,225.0,13549.1328125,0.08057118639178128,-0.22140904165415476,0.07036837200576893,5.390633806834508,tulip,2
../flowers(novas)/tulip/tulip-098.jpg,240,240,225.0,13528.96875,0.7408522332655009,-0.07327247345581833,0.07035731596445549,5.413307734686521,tulip,2
../flowers(novas)/tulip/tulip-007.jpg,240,240,227.6679841897233,20763.4296875,0.5384781607691511,-0.33753975246676404,0.07421837028817747,5.325319034655658,tulip,2
../flowers(novas)/tulip/tulip-012.jpg,240,240,239.00414937759336,63503.6875,1.7194443006071507,2.468497642486745,0.09384149342026522,5.02457721146453,tulip,2
../flowers(novas)/tulip/tulip-092.jpg,240,240,228.57142857142858,20159.375,1.0526772394658612,1.2087452292962402,0.07390370308886365,5.349292900654998,tulip,2
../flowers(novas)/tulip/tulip-063.jpg,240,240,321.7877094972067,2614720.6328125,14.114277652824391,209.11732866560664,0.45349684149713554,2.9249545323884263,tulip,2
../flowers(novas)/tulip/tulip-077.jpg,240,240,225.0,16766.53125,1.773823662402753,3.8935363845255653,0.07211077472207963,5.396518270649329,tulip,2
../flowers(novas)/tulip/tulip-048.jpg,240,240,260.6334841628959,44553.703125,0.8454366819729339,-0.14733254331804257,0.08569734963786046,5.056662081940019,tulip,2
../flowers(novas)/tulip/tulip-084.jpg,240,240,236.0655737704918,29821.828125,1.1583562253158088,0.3643623302907293,0.07878652794071905,5.267597728007998,tulip,2
../flowers(novas)/tulip/tulip-002.jpg,240,240,225.88235294117646,29408.484375,1.4948516985361262,4.618347809921111,0.07858386079268016,5.2767164491246525,tulip,2
../flowers(novas)/tulip/tulip-067.jpg,240,240,228.57142857142858,7381.0234375,-0.3809041236916576,-0.3257850441358965,0.06690122131461686,5.458498733245679,tulip,2
../flowers(novas)/tulip/tulip-088.jpg,240,240,228.57142857142858,23626.625,0.3684534289083018,-0.9839897430673359,0.07569208711925662,5.289612855108688,tulip,2
../flowers(novas)/tulip/tulip-025.jpg,240,240,253.7444933920705,207832.4140625,3.537321819462065,12.969508130538394,0.14121863086134703,4.515229834686047,tulip,2
../flowers(novas)/tulip/tulip-038.jpg,240,240,290.90909090909093,1296521.0859375,15.327087357771816,238.63013042896435,0.3224072847320046,4.015646493328829,tulip,2
../flowers(novas)/tulip/tulip-097.jpg,240,240,225.0,19502.8671875,1.7328398424139988,3.8437164040260337,0.07356018531266098,5.37433143777205,tulip,2
../flowers(novas)/tulip/tulip-093.jpg,240,240,227.6679841897233,15168.9140625,1.1398661544554078,1.4920705787234834,0.07125090104612193,5.397264788746678,tulip,2
../flowers(novas)/tulip/tulip-059.jpg,240,240,247.21030042918454,571788.6796875,12.981712678039154,189.67454438748086,0.21914777409197564,4.200906324732451,tulip,2
../flowers(novas)/tulip/tulip-085.jpg,240,240,227.6679841897233,7964.0703125,-1.0699873779317801,0.42522511517449235,0.06723660906222687,5.435970403602965,tulip,2
../flowers(novas)/tulip/tulip-064.jpg,240,240,238.01652892561984,110080.1953125,1.5083980912637753,0.9263345333088,0.11135570138480912,4.629017942022969,tulip,2
../flowers(novas)/tulip/tulip-053.jpg,240,240,232.25806451612902,4869342.578125,15.33699747523343,238.43606712740228,0.6161388868929991,2.1947588130568554,tulip,2
../flowers(novas)/tulip/tulip-014.jpg,240,240,225.0,20403.140625,0.39491460316828764,-0.1858394950616833,0.07403084766669905,5.323593973534209,tulip,2
../flowers(novas)/tulip/tulip-021.jpg,240,240,263.013698630137,332006.234375,3.7790185429483008,13.7828912899022,0.17182553651326388,4.084174458351226,tulip,2
../flowers(novas)/tulip/tulip-079.jpg,240,240,231.32530120481928,95642.28125,6.058582399827285,46.96381222254465,0.10623584918475577,5.069431655161532,tulip,2
../flowers(novas)/tulip/tulip-005.jpg,240,240,235.10204081632654,59409.1875,2.3864168751821113,14.448989413163684,0.09214278184084942,4.9984375632714055,tulip,2
../flowers(novas)/tulip/tulip-100.jpg,240,240,225.0,16319.7578125,0.9804511389135969,0.22803228695685096,0.07187134736424636,5.393946352891925,tulip,2
../flowers(novas)/tulip/tulip-001.jpg,240,240,230.4,99777.4375,3.151094802681473,10.26786703344037,0.10772709199782866,4.9475861301564645,tulip,2
../flowers(novas)/tulip/tulip-086.jpg,240,240,225.0,12105.25,0.38231396406486334,-0.14909174932232938,0.06957224351637106,5.417301283596834,tulip,2
../flowers(novas)/tulip/tulip-031.jpg,240,240,226.77165354330708,45009.5625,1.0190728650434118,0.19254259366036885,0.08590232866136077,5.109037564706619,tulip,2
../flowers(novas)/tulip/tulip-051.jpg,240,240,235.10204081632654,30977.84375,1.216683294804999,1.3275175576473854,0.07935058740457197,5.245266507186263,tulip,2
../flowers(novas)/tulip/tulip-034.jpg,240,240,250.43478260869566,33127.2734375,0.9337799274489101,-0.2798082310122072,0.08038884734579092,5.212519911427284,tulip,2
../flowers(novas)/tulip/tulip-074.jpg,240,240,245.10638297872342,32181.734375,3.875411074977829,27.05672239640952,0.0799337758184205,5.284944314254688,tulip,2
../flowers(novas)/tulip/tulip-052.jpg,240,240,225.0,148150.75,2.2596522845634124,4.800995169831156,0.12384520592604381,4.513162570265676,tulip,2
../flowers(novas)/tulip/tulip-033.jpg,240,240,235.10204081632654,31775.171875,1.0547535046502372,0.7017108827869425,0.07973730590707151,5.230183530772729,tulip,2
../flowers(novas)/tulip/tulip-032.jpg,240,240,247.21030042918454,49324.109375,1.5962829521751825,2.2841092795853077,0.08781869184268164,5.098151413983945,tulip,2
../flowers(novas)/tulip/tulip-060.jpg,240,240,225.0,187260.0625,3.013981169982141,7.922262614265939,0.13548183972992447,4.585115001896302,tulip,2
../flowers(novas)/tulip/tulip-070.jpg,240,240,236.0655737704918,24418.90625,0.9753022000533433,1.3722181105677222,0.07609484125069936,5.29306501335901,tulip,2
../flowers(novas)/tulip/tulip-076.jpg,240,240,231.32530120481928,39473.3359375,1.6467883550138862,2.746158394550603,0.08337884680146938,5.201250374456417,tulip,2
../flowers(novas)/tulip/tulip-078.jpg,240,240,242.01680672268907,40133.3515625,3.3357626626507604,16.881541967804022,0.08368368553966503,5.224593050794383,tulip,2
../flowers(novas)/tulip/tulip-018.jpg,240,240,251.52838427947597,126093.4296875,2.4368134724983213,5.515640504830735,0.1167719200109677,4.698433693979483,tulip,2
../flowers(novas)/tulip/tulip-036.jpg,240,240,245.10638297872342,65065.3515625,0.9811544270128273,-0.47411442924966707,0.0944813455535023,4.893781333533134,tulip,2
../flowers(novas)/tulip/tulip-028.jpg,240,240,225.0,13604.0859375,1.2921506039208217,1.346817929507976,0.07039849422398628,5.42411484302582,tulip,2
../flowers(novas)/tulip/tulip-011.jpg,240,240,226.77165354330708,48274.6171875,1.5910986917477783,2.2533192201076426,0.08735641534257589,5.134493996279594,tulip,2
../flowers(novas)/tulip/tulip-009.jpg,240,240,266.6666666666667,353212.59375,13.642101685666841,203.24528945821564,0.17652282617192092,4.6918832389265575,tulip,2
../flowers(novas)/tulip/tulip-017.jpg,240,240,226.77165354330708,23841.8671875,0.48340315225918107,-0.2835846190161395,0.07580171664249481,5.2858202835098105,tulip,2
../flowers(novas)/tulip/tulip-015.jpg,240,240,320.0,72853.2109375,1.7868113615942975,3.5011903235016133,0.09760962930383349,4.8796966041739775,tulip,2
../flowers(novas)/tulip/tulip-058.jpg,240,240,229.4820717131474,31269.03125,0.6000525127690808,-0.7017649254285505,0.07949203666246647,5.2059382753282675,tulip,2
../flowers(novas)/tulip/tulip-050.jpg,240,240,231.32530120481928,46349.6328125,2.0733862413542714,4.197962029238599,0.08650208411662727,5.188458416860588,tulip,2
../flowers(novas)/tulip/tulip-069.jpg,240,240,232.25806451612902,29206.046875,1.5506928431749651,2.5879112016064942,0.0784844124626935,5.279047802897969,tulip,2
../flowers(novas)/tulip/tulip-035.jpg,240,240,230.4,21260.2578125,0.00794243601767083,-1.2337662992321712,0.07447618405708797,5.2908615444715785,tulip,2
../flowers(novas)/tulip/tulip-024.jpg,240,240,225.88235294117646,46073.421875,0.5097494039352561,-1.1879640404950662,0.08637880517917632,5.027476174590662,tulip,2
../flowers(novas)/tulip/tulip-041.jpg,240,240,225.0,314472.96875,4.805258607135976,25.907089980326536,0.16784260354285266,4.310814039632255,tulip,2
../flowers(novas)/tulip/tulip-073.jpg,240,240,225.88235294117646,5898.9921875,-0.15157686646917407,1.1344845594569426,0.06604104140812787,5.4768889328337895,tulip,2
../flowers(novas)/tulip/tulip-057.jpg,240,240,238.01652892561984,42935.3125,1.2332514300944022,1.6559791134756576,0.0849656396146316,5.1155922981391235,tulip,2
../flowers(novas)/tulip/tulip-091.jpg,240,240,226.77165354330708,20019.8359375,0.7188319451979256,0.8834026131264792,0.07383082301638141,5.32694553607517,tulip,2
../flowers(novas)/tulip/tulip-023.jpg,240,240,254.86725663716814,29924.6171875,1.1192459064458216,3.4244025408707977,0.07883684569905264,5.201185620439752,tulip,2
../flowers(novas)/tulip/tulip-006.jpg,240,240,271.6981132075472,56539.1640625,0.5353223387072223,-1.3096478190014003,0.09093316127594678,4.903117048869522,tulip,2
../flowers(novas)/tulip/tulip-020.jpg,240,240,276.9230769230769,74914.671875,1.6174837603294199,1.5990928938527587,0.09842104996785338,4.9029753626051775,tulip,2
../flowers(novas)/tulip/tulip-066.jpg,240,240,228.57142857142858,12651.5078125,1.3652578708904508,2.9638821721947837,0.06987450601235531,5.420941085131544,tulip,2
../flowers(novas)/tulip/tulip-061.jpg,240,240,230.4,40482.8203125,2.5964195573003783,7.129127991827817,0.08384464447314868,5.2487292371406635,tulip,2
../flowers(novas)/tulip/tulip-039.jpg,240,240,230.4,3440269.1171875,15.736741429833756,247.39714922751628,0.5189981830223657,3.031881760916816,tulip,2
../flowers(novas)/tulip/tulip-082.jpg,240,240,225.0,55770.125,1.5465574659089896,1.5873753149465823,0.09060629330130701,5.080165981879586,tulip,2
../flowers(novas)/tulip/tulip-022.jpg,240,240,234.14634146341464,28400.546875,1.2089564728871522,2.7477425885225264,0.07808745239688909,5.261333608292161,tulip,2
../flowers(novas)/tulip/tulip-090.jpg,240,240,225.0,50827.015625,1.1080968475977329,-0.05112136110554699,0.08847648063404083,5.083909306638439,tulip,2
../flowers(novas)/tulip/tulip-016.jpg,240,240,296.9072164948454,43667.421875,0.6489649471259458,-0.12098831986092096,0.08529741986739077,5.028306693333858,tulip,2
../flowers(novas)/tulip/tulip-083.jpg,240,240,229.4820717131474,21167.2421875,1.0539101038630492,0.8541135334061369,0.07442798438857931,5.336328805409874,tulip,2
../flowers(novas)/tulip/tulip-026.jpg,240,240,226.77165354330708,19755.3515625,2.3882825606187996,9.591256169001856,0.07369248728528348,5.379118183664368,tulip,2
../flowers(novas)/tulip/tulip-013.jpg,240,240,227.6679841897233,49577.2890625,0.7220916596376674,-0.879283000565541,0.08792984764387109,5.026605435864323,tulip,2
../flowers(novas)/tulip/tulip-080.jpg,240,240,225.0,26069.140625,2.6817353459184012,7.524545165256546,0.0769269638311216,5.357348565662733,tulip,2
../flowers(novas)/tulip/tulip-055.jpg,240,240,246.15384615384616,105477.3828125,1.6300582208383034,1.5599727520780302,0.10974942799581669,4.6719760904635335,tulip,2
../flowers(novas)/tulip/tulip-019.jpg,240,240,250.43478260869566,673793.625,12.230133874325137,164.69295341099166,0.23642440407579035,4.2633694066743875,tulip,2
../flowers(novas)/tulip/tulip-095.jpg,240,240,232.25806451612902,29221.984375,1.477761716054258,2.271949610398025,0.07849224640042204,5.278037114561538,tulip,2
../flowers(novas)/tulip/tulip-047.jpg,240,240,233.19838056680163,32659.7734375,0.44434882296299405,-1.368567743486048,0.08016417059210854,5.19613757332476,tulip,2
../flowers(novas)/tulip/tulip-010.jpg,240,240,293.8775510204082,101214.9921875,2.1366940621181807,5.743534837037485,0.10824069835279006,4.686369424729971,tulip,2
../flowers(novas)/tulip/tulip-049.jpg,240,240,244.0677966101695,136391.515625,1.87325951526676,2.44225985517242,0.12012612829630312,4.49891633393263,tulip,2
../flowers(novas)/tulip/tulip-096.jpg,240,240,225.0,15967.6484375,-0.2880152465005997,-0.18718551466506472,0.07168208729310264,5.3339809613445475,tulip,2
../flowers(novas)/tulip/tulip-054.jpg,240,240,266.6666666666667,80286.5703125,1.1610869939251638,0.08431287012144528,0.10050473328655493,4.785746198623857,tulip,2
../flowers(novas)/tulip/tulip-071.jpg,240,240,225.0,41876.0703125,1.6251586232672004,2.326088205388613,0.08448330169242556,5.18822501503576,tulip,2
../flowers(novas)/tulip/tulip-029.jpg,240,240,233.19838056680163,57562.875,1.127591507232515,-0.08237472854004313,0.09136645916916729,5.017591842186018,tulip,2
../flowers(novas)/tulip/tulip-037.jpg,240,240,332.94797687861274,35994.4609375,0.03586525297907211,-1.4549843759584904,0.08175328972573481,5.056321328317349,tulip,2
../flowers(novas)/tulip/tulip-008.jpg,240,240,261.8181818181818,176649.390625,3.095123556222749,12.213805606334576,0.13242584421060707,4.419971012566938,tulip,2
../flowers(novas)/tulip/tulip-056.jpg,240,240,241.0041841004184,31589.9296875,0.2647452779179062,-1.3255074505908337,0.07964762755194141,5.176789566496465,tulip,2
../flowers(novas)/tulip/tulip-075.jpg,240,240,231.32530120481928,90567.7734375,2.813981739440043,9.033245953447656,0.1043767412945235,4.940203836764167,tulip,2
../flowers(novas)/tulip/tulip-087.jpg,240,240,225.0,26041.9453125,3.347359543810297,16.307853706143813,0.07691332368668259,5.345585845583441,tulip,2
../flowers(novas)/rose/rose-075.jpg,240,240,225.0,458419.75,6.339165222096671,40.91204531908697,0.19818714461367937,4.310040572929104,rose,3
../flowers(novas)/rose/rose-081.jpg,240,240,246.15384615384616,234121.3671875,6.4016237431283844,59.69127500140927,0.1482267530092914,4.494577512390426,rose,3
../flowers(novas)/rose/rose-055.jpg,240,240,225.88235294117646,51487.6171875,0.7271273926693012,-1.0219311559788489,0.08876406912806159,5.02428785109963,rose,3
../flowers(novas)/rose/rose-044.jpg,240,240,225.0,66029.859375,2.1249672046586685,4.084679517495885,0.0948743724970709,5.063434472989502,rose,3
../flowers(novas)/rose/rose-040.jpg,240,240,256.0,76842.390625,1.4663534369868816,1.130178583269652,0.0991738211802115,4.870371356012125,rose,3
../flowers(novas)/rose/rose-035.jpg,240,240,242.01680672268907,35624.359375,6.138751794073552,70.31637850463535,0.0815784478992536,5.259850471680808,rose,3
../flowers(novas)/rose/rose-036.jpg,240,240,238.01652892561984,35207.3046875,0.48602666540750117,-1.031028326732963,0.08138097453343013,5.15785803744161,rose,3
../flowers(novas)/rose/rose-076.jpg,240,240,245.10638297872342,49538.1015625,0.8207236259900037,-0.5504845067856063,0.08791265198947493,5.031473749114772,rose,3
../flowers(novas)/rose/rose-054.jpg,240,240,237.03703703703704,45783.7578125,1.403100250931926,1.8875735721290976,0.08624933253118901,5.102584769283419,rose,3
../flowers(novas)/rose/rose-057.jpg,240,240,226.77165354330708,73402.734375,4.776964314199194,34.83991536597811,0.09782658755491212,5.095241522883097,rose,3
../flowers(novas)/rose/rose-049.jpg,240,240,232.25806451612902,54420.0234375,1.6969933173274068,3.070245279791904,0.09002958337415068,5.059046445758394,rose,3
../flowers(novas)/rose/rose-072.jpg,240,240,256.0,44676.9453125,0.3579098606842327,-1.2790166180569946,0.08575281431534211,5.003614983785229,rose,3
../flowers(novas)/rose/rose-062.jpg,240,240,254.86725663716814,1289739.296875,15.608830924670247,244.72463102696952,0.3215947310749505,4.137299833525093,rose,3
../flowers(novas)/rose/rose-016.jpg,240,240,236.0655737704918,76565.3125,1.6751110454824845,1.9967531636946454,0.09906597459537186,4.920254627214737,rose,3
../flowers(novas)/rose/rose-028.jpg,240,240,244.0677966101695,591538.9375,8.049200072796761,79.14238764677462,0.22259758879083533,4.0812415699311355,rose,3
../flowers(novas)/rose/rose-029.jpg,240,240,225.0,44879.890625,1.2173750404348709,1.7160987321885939,0.08584407098649242,5.1241291462721,rose,3
../flowers(novas)/rose/rose-085.jpg,240,240,300.0,139677.609375,3.0319924889227043,9.515378539616433,0.12117690916990836,4.660201040977546,rose,3
../flowers(novas)/rose/rose-037.jpg,240,240,258.29596412556054,56406.390625,0.7778579944496292,-0.9172508808856947,0.09087681197991443,4.9571846232361345,rose,3
../flowers(novas)/rose/rose-059.jpg,240,240,225.88235294117646,32205.359375,0.8713399177596123,0.9095455311943801,0.07994517767355434,5.206647826214967,rose,3
../flowers(novas)/rose/rose-007.jpg,240,240,225.0,304950.3671875,10.985780707168516,148.37302050093786,0.16563927953526428,4.607869851141271,rose,3
../flowers(novas)/rose/rose-068.jpg,240,240,288.0,55802.1875,0.6978688214292502,-0.8656250096375433,0.09061994451629178,4.9295670962335825,rose,3
../flowers(novas)/rose/rose-005.jpg,240,240,234.14634146341464,123206.515625,2.5369376815207487,5.976928002527796,0.11581418560931458,4.739615554687093,rose,3
../flowers(novas)/rose/rose-099.jpg,240,240,282.3529411764706,148040.3125,1.7600399195770602,2.5490180645978384,0.1238107976665491,4.312006833520497,rose,3
../flowers(novas)/rose/rose-020.jpg,240,240,300.0,50065.4609375,0.4688915924667728,-1.1874838255674849,0.08814377850774219,4.953686482972789,rose,3
../flowers(novas)/rose/rose-079.jpg,240,240,265.4377880184332,21133.109375,-0.07505270273180231,-0.6643972032572751,0.07441028931188479,5.260349852458991,rose,3
../flowers(novas)/rose/rose-039.jpg,240,240,250.43478260869566,44437.609375,0.23141384619126906,-1.7197627192033447,0.08564506923269696,5.011312022651518,rose,3
../flowers(novas)/rose/rose-069.jpg,240,240,242.01680672268907,105809.71875,4.182999262048412,23.8201834665549,0.10986619202676938,4.884256431723137,rose,3
../flowers(novas)/rose/rose-060.jpg,240,240,244.0677966101695,36718.953125,2.1519371561674334,13.272805591913123,0.08209447335808519,5.183121878305998,rose,3
../flowers(novas)/rose/rose-003.jpg,240,240,229.4820717131474,66414.2734375,1.7352353351079324,3.278934394078555,0.09503056421809547,5.008543413786868,rose,3
../flowers(novas)/rose/rose-002.jpg,240,240,246.15384615384616,16886.84375,0.398582919117804,0.6578940937379483,0.07217511484529898,5.34161399667633,rose,3
../flowers(novas)/rose/rose-027.jpg,240,240,226.77165354330708,157261.703125,10.378229855421568,132.78204152345822,0.12665165089024819,5.011182049629827,rose,3
../flowers(novas)/rose/rose-073.jpg,240,240,235.10204081632654,27885.96875,0.10720543170712445,-1.3879013339440684,0.07783280233679607,5.206354708640019,rose,3
../flowers(novas)/rose/rose-080.jpg,240,240,263.013698630137,37038.515625,0.44460872212335967,-1.1809273742155761,0.08224451444473364,5.115996661405629,rose,3
../flowers(novas)/rose/rose-063.jpg,240,240,250.43478260869566,84112.4921875,1.6575530433495502,1.9143292741025713,0.101962794362555,4.843338034057422,rose,3
../flowers(novas)/rose/rose-078.jpg,240,240,332.94797687861274,499127.4921875,12.999753404897392,190.48741556016196,0.20595915561076594,4.216172598914314,rose,3
../flowers(novas)/rose/rose-022.jpg,240,240,226.77165354330708,42394.1796875,0.4497752057293967,-1.106601574442353,0.08471957176523542,5.052819007739417,rose,3
../flowers(novas)/rose/rose-083.jpg,240,240,244.0677966101695,101115.890625,1.7012088898847464,1.8433415216466384,0.1082053698038972,4.707202977431976,rose,3
../flowers(novas)/rose/rose-090.jpg,240,240,225.0,30042.125,4.887321192536606,48.68834374940253,0.07889432933118377,5.318524445338602,rose,3
../flowers(novas)/rose/rose-093.jpg,240,240,225.0,20635.3828125,1.1191499767135935,1.1155363599272512,0.07415177899501131,5.351724751890133,rose,3
../flowers(novas)/rose/rose-017.jpg,240,240,327.27272727272725,208575.71875,7.340810551227806,64.05152094762516,0.14142155231471945,4.6507805397595625,rose,3
../flowers(novas)/rose/rose-024.jpg,240,240,225.0,30258.109375,1.1052056158017196,0.68107284723312,0.07899987760529276,5.268996284644334,rose,3
../flowers(novas)/rose/rose-082.jpg,240,240,246.15384615384616,96676.3203125,2.148326857424994,5.203098239745451,0.10661070591973981,4.826301698944755,rose,3
../flowers(novas)/rose/rose-025.jpg,240,240,238.01652892561984,312037.2265625,4.364190772128658,18.491424096006806,0.16728178769375962,4.333853952456655,rose,3
../flowers(novas)/rose/rose-033.jpg,240,240,225.0,34642.1328125,0.466971475128253,-1.0388424221608914,0.08111260120991423,5.157903947891357,rose,3
../flowers(novas)/rose/rose-064.jpg,240,240,242.01680672268907,1231225.28125,7.738728601100735,68.28242288550847,0.3144967419763432,3.0939915532157594,rose,3
../flowers(novas)/rose/rose-026.jpg,240,240,242.01680672268907,46039.703125,0.8430961588556318,-0.7682131035533355,0.08636374371679857,5.090955909004862,rose,3
../flowers(novas)/rose/rose-061.jpg,240,240,426.6666666666667,113717.9296875,1.1404306503431811,-0.3937445918593716,0.1126089766035098,4.4694035969871395,rose,3
../flowers(novas)/rose/rose-066.jpg,240,240,225.0,2770987.6015625,15.762082920926519,247.85176347239445,0.4666015663556023,3.54470250486753,rose,3
../flowers(novas)/rose/rose-042.jpg,240,240,225.0,36394.8359375,1.620252637552246,2.047771878606965,0.08194201311717932,5.245711825332692,rose,3
../flowers(novas)/rose/rose-006.jpg,240,240,225.88235294117646,39804.6328125,1.30706167619857,1.7077387644107356,0.08353200060109477,5.1714781404688175,rose,3
../flowers(novas)/rose/rose-001.jpg,240,240,243.0379746835443,54789.1796875,1.5630092442349732,1.6739800929076676,0.09018763862676821,5.064581415522161,rose,3
../flowers(novas)/rose/rose-095.jpg,240,240,232.25806451612902,12749.1171875,-0.04195559269940888,-0.0635628410351301,0.06992837891763143,5.389067796732878,rose,3
../flowers(novas)/rose/rose-091.jpg,240,240,225.0,18085.6328125,1.2976808373129378,2.744409080846294,0.07281309194773422,5.379527118895928,rose,3
../flowers(novas)/rose/rose-013.jpg,240,240,272.98578199052133,41482.078125,0.3403731297207953,-1.1480759800247486,0.08430318874812419,5.029790857716273,rose,3
../flowers(novas)/rose/rose-014.jpg,240,240,237.03703703703704,56232.078125,1.029031672055041,0.19752970521811086,0.09080278033767726,4.983278951620211,rose,3
../flowers(novas)/rose/rose-058.jpg,240,240,327.27272727272725,118902.59375,1.429186557162917,0.6348745712149397,0.11437146869337757,4.501174094216478,rose,3
../flowers(novas)/rose/rose-047.jpg,240,240,245.10638297872342,106964.3828125,2.0166672610243115,3.120199316622301,0.1102709145683028,4.7466578836525555,rose,3
../flowers(novas)/rose/rose-023.jpg,240,240,275.5980861244019,47673.3828125,0.6359200448755713,-0.6775293305655521,0.08709048030768786,4.995121735919714,rose,3
../flowers(novas)/rose/rose-045.jpg,240,240,225.0,25789.1953125,0.9683857448238712,0.03309213312490433,0.07678643790225975,5.303899613854063,rose,3
../flowers(novas)/rose/rose-032.jpg,240,240,246.15384615384616,25328.640625,0.5336253377732755,0.20952053785299052,0.07655468906994319,5.251055308116094,rose,3
../flowers(novas)/rose/rose-038.jpg,240,240,295.38461538461536,52603.421875,0.804482905698348,0.34528422957249116,0.08924772270973337,4.940101157706734,rose,3
../flowers(novas)/rose/rose-034.jpg,240,240,329.14285714285717,83237.96875,1.0709532651063198,-0.35230470210920073,0.10163135723741837,4.726064692697048,rose,3
../flowers(novas)/rose/rose-071.jpg,240,240,241.0041841004184,72807.046875,1.8204659263517036,2.4487761519650197,0.09759138123303832,4.963053525177035,rose,3
../flowers(novas)/rose/rose-086.jpg,240,240,394.52054794520546,120595.1640625,1.6860353064079523,1.6826719438499138,0.1149409953507883,4.528024841616581,rose,3
../flowers(novas)/rose/rose-097.jpg,240,240,259.4594594594595,67301.90625,0.8562235291280038,-0.4169607263508688,0.09539024227749535,4.816372868142764,rose,3
../flowers(novas)/rose/rose-008.jpg,240,240,269.1588785046729,37211.4140625,0.992139254508805,0.7589192722269167,0.08232557977366114,5.1524894015781975,rose,3
../flowers(novas)/rose/rose-096.jpg,240,240,436.3636363636364,113798.1796875,1.150715765986346,-0.41243852552827676,0.11263646719122294,4.48158697135712,rose,3
../flowers(novas)/rose/rose-050.jpg,240,240,249.35064935064935,47965.0390625,0.6546331363374281,-0.9298517463186209,0.08721958553273194,5.026230534865409,rose,3
../flowers(novas)/rose/rose-098.jpg,240,240,270.4225352112676,27330.7578125,0.3499711319764483,-0.5523771362547802,0.0775571065053553,5.204286697333105,rose,3
../flowers(novas)/rose/rose-053.jpg,240,240,227.6679841897233,12862.0390625,0.17992098288232758,1.9018996208301493,0.06999065141636224,5.388094297848459,rose,3
../flowers(novas)/rose/rose-051.jpg,240,240,225.0,36834.9921875,1.2539551618008637,2.771283208826433,0.08214898774365452,5.202092202721616,rose,3
../flowers(novas)/rose/rose-010.jpg,240,240,225.0,45623.109375,0.6354836690559329,-0.6359608058026494,0.08617744281020152,5.039336323054979,rose,3
../flowers(novas)/rose/rose-100.jpg,240,240,225.0,41008.34375,5.273904728187538,41.35684068774436,0.08408611095052469,5.28964952261229,rose,3
../flowers(novas)/rose/rose-084.jpg,240,240,308.02139037433153,126850.484375,2.3425103335462887,5.394150359657967,0.11702177582223534,4.634396994632204,rose,3
../flowers(novas)/rose/rose-031.jpg,240,240,225.0,16168.4765625,1.1575979333921043,1.5861624612345322,0.07179009427487451,5.391635074417458,rose,3
../flowers(novas)/rose/rose-070.jpg,240,240,225.0,19609.1484375,0.47622855255870467,-0.6518317490872909,0.0736159057335274,5.338634541532453,rose,3
../flowers(novas)/rose/rose-052.jpg,240,240,248.27586206896552,35546.3203125,0.6670316632808557,-0.2879719299871657,0.08154153315366916,5.148348415124106,rose,3
../flowers(novas)/rose/rose-019.jpg,240,240,225.0,69428.265625,11.574239185003762,162.49897440845845,0.09624639869204599,5.25688929826042,rose,3
../flowers(novas)/rose/rose-030.jpg,240,240,240.0,43189.46875,1.5353784952818381,3.128035602282777,0.0850809657730959,5.124900640763026,rose,3
../flowers(novas)/rose/rose-041.jpg,240,240,244.0677966101695,42235.859375,0.3140858725778896,-1.2167248414838965,0.08464744394598993,5.029342288815386,rose,3
../flowers(novas)/rose/rose-077.jpg,240,240,226.77165354330708,33378.625,0.46817723953111434,-1.016207070399047,0.08050938571540342,5.185077337402717,rose,3
../flowers(novas)/rose/rose-043.jpg,240,240,225.0,20353.46875,0.4673757729135374,-0.6547687525048542,0.07400495726534594,5.328043266564041,rose,3
../flowers(novas)/rose/rose-011.jpg,240,240,241.0041841004184,40159.5859375,0.5847375936214243,-1.0443042339465733,0.08369577936091993,5.11370793170698,rose,3
../flowers(novas)/rose/rose-056.jpg,240,240,225.88235294117646,48546.6953125,1.9524749769307932,8.324744872372106,0.08747649389401245,5.089036971199389,rose,3
../flowers(novas)/rose/rose-021.jpg,240,240,263.013698630137,356490.8203125,5.4693445195300585,34.50003449300496,0.17723785639688278,4.120934468630655,rose,3
../flowers(novas)/rose/rose-088.jpg,240,240,334.8837209302326,119448.9921875,2.471955516530783,5.894778278624003,0.11455563375209504,4.671023068711155,rose,3
../flowers(novas)/rose/rose-004.jpg,240,240,269.1588785046729,84309.34375,2.001854235514536,4.028424595108157,0.10203725103114954,4.851886512860926,rose,3
../flowers(novas)/rose/rose-065.jpg,240,240,251.52838427947597,156933.015625,6.103891718193182,41.658200966064186,0.1265514874800391,4.891799366433406,rose,3
../flowers(novas)/rose/rose-094.jpg,240,240,225.0,34031.5078125,0.3788474190303479,-1.2667102748247132,0.08082164282229957,5.170553418815653,rose,3
../flowers(novas)/rose/rose-046.jpg,240,240,251.52838427947597,39771.1640625,1.5270096468364966,4.6272679456543475,0.08351654123072579,5.16037395470372,rose,3
../flowers(novas)/rose/rose-092.jpg,240,240,243.0379746835443,154997.203125,2.751662594461843,7.293902377375375,0.1259599568710378,4.5987637591255135,rose,3
../flowers(novas)/rose/rose-009.jpg,240,240,250.43478260869566,32443.921875,1.2814985318338115,2.4590565734770555,0.0800602212935039,5.204837090378576,rose,3
../flowers(novas)/rose/rose-074.jpg,240,240,225.0,116093.2578125,4.275127992616813,19.21480301821755,0.11341985321281438,4.948043504886282,rose,3
../flowers(novas)/rose/rose-087.jpg,240,240,248.27586206896552,99329.6875,1.7571916093037927,1.8670499004653376,0.10756662000452338,4.762182168341971,rose,3
../flowers(novas)/rose/rose-015.jpg,240,240,264.2201834862385,51601.40625,0.4077802499012774,-1.4957059159748962,0.08881351242027266,4.938305299567193,rose,3
../flowers(novas)/rose/rose-048.jpg,240,240,243.0379746835443,55727.734375,0.8856670563193578,-0.1517143656022637,0.0905882415341187,4.945693625632114,rose,3
../flowers(novas)/rose/rose-089.jpg,240,240,282.3529411764706,140159.6328125,2.2595452949373063,4.0660237043873915,0.12133027850642225,4.57409358758355,rose,3
../flowers(novas)/rose/rose-018.jpg,240,240,225.0,18013.28125,-0.011770194876618774,-1.1358442731391036,0.0727747461465688,5.331764219351585,rose,3
../flowers(novas)/rose/rose-012.jpg,240,240,225.0,277539.390625,11.766592827990383,160.15137567797507,0.15912676216499286,4.848622693178538,rose,3
../flowers(novas)/rose/rose-067.jpg,240,240,226.77165354330708,57422.7265625,1.275024889031,0.6981954858499839,0.09130726114863214,5.024604403274193,rose,3
../flowers(novas)/dandelion/dandelion-076.jpg,240,240,225.0,39343.9609375,0.4333505713756235,-1.3875395652293148,0.08331896215780663,5.120890696556264,dandelion,4
../flowers(novas)/dandelion/dandelion-020.jpg,240,240,258.29596412556054,368751.0625,4.555225816188386,20.5315102127987,0.1798868090822396,4.175954717881968,dandelion,4
../flowers(novas)/dandelion/dandelion-068.jpg,240,240,225.0,67267.3671875,3.1454403221986365,17.409119697690265,0.09537627205254164,5.05009452077206,dandelion,4
../flowers(novas)/dandelion/dandelion-031.jpg,240,240,225.88235294117646,180611.0,1.7948502541418856,1.4940598144635526,0.13357501244850134,4.281125424241181,dandelion,4
../flowers(novas)/dandelion/dandelion-023.jpg,240,240,226.77165354330708,4360611.15625,15.848823053582853,249.78739780429544,0.5834150839706455,2.7930398973917896,dandelion,4
../flowers(novas)/dandelion/dandelion-083.jpg,240,240,225.0,2261576.4296875,15.792036271569192,248.5753152918294,0.4223867944698958,3.7492289537517522,dandelion,4
../flowers(novas)/dandelion/dandelion-043.jpg,240,240,247.21030042918454,49368.8515625,1.5008182940512806,3.5204339826800126,0.08783834564836865,5.053161997102317,dandelion,4
../flowers(novas)/dandelion/dandelion-030.jpg,240,240,225.0,5093.7109375,-1.282045870313592,1.000994934818186,0.0655689198580418,5.480939116448637,dandelion,4
../flowers(novas)/dandelion/dandelion-075.jpg,240,240,278.2608695652174,26084.65625,0.6003539584041913,1.3056816027753984,0.07693474480078379,5.221850921885181,dandelion,4
../flowers(novas)/dandelion/dandelion-078.jpg,240,240,229.4820717131474,16773.34375,-0.29017393597961944,-1.172306572187845,0.07211441941028657,5.332158569380754,dandelion,4
../flowers(novas)/dandelion/dandelion-095.jpg,240,240,232.25806451612902,96857.1171875,2.666890272678856,6.599622442500719,0.1066761125691345,4.891499050124336,dandelion,4
../flowers(novas)/dandelion/dandelion-021.jpg,240,240,225.88235294117646,24654.1015625,1.4816885742205332,2.1252639806387563,0.07621399249106077,5.3260887558995,dandelion,4
../flowers(novas)/dandelion/dandelion-004.jpg,240,240,234.14634146341464,27168.09375,0.12035030733326281,-0.8171592987151599,0.07747614813665295,5.196365048598069,dandelion,4
../flowers(novas)/dandelion/dandelion-019.jpg,240,240,282.3529411764706,320061.375,4.673984213638026,23.942083285622594,0.16912227455305823,4.245898476388042,dandelion,4
../flowers(novas)/dandelion/dandelion-008.jpg,240,240,280.9756097560976,62935.9375,0.6824810096998978,-1.0798553038390046,0.09360778822819878,4.852119824701679,dandelion,4
../flowers(novas)/dandelion/dandelion-100.jpg,240,240,233.19838056680163,29420.640625,1.3738785974890535,1.1698763892230435,0.07858982859973941,5.276095098247275,dandelion,4
../flowers(novas)/dandelion/dandelion-016.jpg,240,240,226.77165354330708,137112.25,6.107850075604528,49.118298732056076,0.12035737999704499,4.887171770406011,dandelion,4
../flowers(novas)/dandelion/dandelion-001.jpg,240,240,253.7444933920705,105296.7578125,1.563430060906929,1.466283413650121,0.10968591446129906,4.646322125387571,dandelion,4
../flowers(novas)/dandelion/dandelion-070.jpg,240,240,236.0655737704918,53278.734375,1.6486133923149608,2.3619165671353706,0.08953917273942791,5.07095807754444,dandelion,4
../flowers(novas)/dandelion/dandelion-013.jpg,240,240,225.0,38192.359375,3.0663673577095008,14.111176773096254,0.08278400394882686,5.2750917798895385,dandelion,4
../flowers(novas)/dandelion/dandelion-028.jpg,240,240,225.0,38183.3984375,2.1877099044761494,8.608166878130028,0.08277982773258669,5.231470330943681,dandelion,4
../flowers(novas)/dandelion/dandelion-093.jpg,240,240,226.77165354330708,3669651.828125,15.84079313938918,249.6051432288468,0.5357783097810765,3.129017569393898,dandelion,4
../flowers(novas)/dandelion/dandelion-092.jpg,240,240,248.27586206896552,63454.34375,1.4149928817083746,0.7879929614946102,0.09382120495510805,4.990262824433652,dandelion,4
../flowers(novas)/dandelion/dandelion-044.jpg,240,240,290.90909090909093,368631.2421875,3.993965802898418,15.807158250862216,0.17986110943532818,4.014611542244023,dandelion,4
../flowers(novas)/dandelion/dandelion-026.jpg,240,240,225.0,29883.6875,0.7451761029118661,-0.8158153340093288,0.07881681346563399,5.258346762915252,dandelion,4
../flowers(novas)/dandelion/dandelion-014.jpg,240,240,225.88235294117646,165673.4453125,4.313379819059053,20.20261734428344,0.12918860187477674,4.753031435298641,dandelion,4
../flowers(novas)/dandelion/dandelion-090.jpg,240,240,225.88235294117646,21905.09375,0.5809349676328068,-0.8022195078306935,0.07480947701381321,5.317209957537394,dandelion,4
../flowers(novas)/dandelion/dandelion-049.jpg,240,240,240.0,170096.1015625,2.672992970878663,6.4838499091169215,0.13050267887916073,4.489557313885038,dandelion,4
../flowers(novas)/dandelion/dandelion-099.jpg,240,240,258.29596412556054,29413.4765625,0.18585943473470878,-1.1999585575978255,0.07858631163718088,5.184895362681267,dandelion,4
../flowers(novas)/dandelion/dandelion-088.jpg,240,240,313.04347826086956,393854.046875,4.274906874992677,18.851412325129512,0.18519239388457784,3.8954018824258423,dandelion,4
../flowers(novas)/dandelion/dandelion-042.jpg,240,240,229.4820717131474,175538.1015625,2.6587685741157348,5.872859254625396,0.1321016903829953,4.5367142137186605,dandelion,4
../flowers(novas)/dandelion/dandelion-098.jpg,240,240,228.57142857142858,184578.1796875,2.678511324858226,6.069115855656584,0.13471597341965752,4.5080682874655675,dandelion,4
../flowers(novas)/dandelion/dandelion-066.jpg,240,240,242.01680672268907,67663.0859375,1.944690270356559,3.799654473377405,0.09553620844898074,4.97180921758244,dandelion,4
../flowers(novas)/dandelion/dandelion-063.jpg,240,240,270.4225352112676,87609.0,1.1147357098813002,-0.36026954329866223,0.10327731456473734,4.730073819318573,dandelion,4
../flowers(novas)/dandelion/dandelion-086.jpg,240,240,279.6116504854369,50713.890625,1.1928005482602493,1.5710465432721055,0.08842713862000513,5.0208930172464985,dandelion,4
../flowers(novas)/dandelion/dandelion-087.jpg,240,240,242.01680672268907,72716.9375,8.6940020791659,108.68118656020846,0.0975557523014341,5.12419312694294,dandelion,4
../flowers(novas)/dandelion/dandelion-061.jpg,240,240,288.0,34172.953125,-0.003543320562711473,-1.53542220046758,0.08088913362533566,5.0881062310652165,dandelion,4
../flowers(novas)/dandelion/dandelion-002.jpg,240,240,230.4,28665.3515625,0.357647120567684,-0.8530921360103818,0.07821817360621294,5.2132956932251595,dandelion,4
../flowers(novas)/dandelion/dandelion-069.jpg,240,240,227.6679841897233,50829.046875,1.1013811923513805,-0.06812168571471844,0.08847736635794992,5.0705654682033465,dandelion,4
../flowers(novas)/dandelion/dandelion-097.jpg,240,240,225.0,4748.203125,-0.104733762343415,0.8902052911399707,0.06536530959091884,5.493716871819656,dandelion,4
../flowers(novas)/dandelion/dandelion-057.jpg,240,240,225.0,909262.296875,14.47976283091032,220.60373963811708,0.2721495505145897,4.1680519947547365,dandelion,4
../flowers(novas)/dandelion/dandelion-005.jpg,240,240,256.0,62657.515625,1.862168240651196,2.9047020091111433,0.09349296683498726,5.025081581731866,dandelion,4
../flowers(novas)/dandelion/dandelion-053.jpg,240,240,248.27586206896552,134517.8671875,4.931064209707842,31.475357109398665,0.11952286417570443,4.819976103892415,dandelion,4
../flowers(novas)/dandelion/dandelion-018.jpg,240,240,241.0041841004184,64513.25,1.5800307518985075,1.5311656282277957,0.09425563234308632,4.991025841937629,dandelion,4
../flowers(novas)/dandelion/dandelion-006.jpg,240,240,227.6679841897233,119997.171875,2.228689758512719,7.50723930316707,0.11474010214278901,4.623147751144824,dandelion,4
../flowers(novas)/dandelion/dandelion-022.jpg,240,240,272.98578199052133,27223.703125,0.7939265417319111,1.0060240930208222,0.07750383459499932,5.227350074233284,dandelion,4
../flowers(novas)/dandelion/dandelion-032.jpg,240,240,225.0,49401.9375,1.5462097535267927,1.7078855917836435,0.08785287641004431,5.138879841757541,dandelion,4
../flowers(novas)/dandelion/dandelion-085.jpg,240,240,225.0,8853.265625,1.11143288252018,1.4896987148996228,0.06774490643294169,5.460861737585111,dandelion,4
../flowers(novas)/dandelion/dandelion-034.jpg,240,240,225.0,45906.75,8.072789131658386,88.665602825862,0.08630433071404935,5.327278645512669,dandelion,4
../flowers(novas)/dandelion/dandelion-091.jpg,240,240,230.4,35430.7109375,0.47940386050188466,-1.03226874896724,0.08148681582062757,5.147339178534942,dandelion,4
../flowers(novas)/dandelion/dandelion-079.jpg,240,240,232.25806451612902,124778.953125,4.246794890893331,19.328313652404965,0.11633681980508627,4.9031923569356906,dandelion,4
../flowers(novas)/dandelion/dandelion-025.jpg,240,240,225.0,14604.515625,-0.41601614249259977,-1.1667184769200658,0.07094463783635435,5.363020285052578,dandelion,4
../flowers(novas)/dandelion/dandelion-045.jpg,240,240,245.10638297872342,132506.7890625,2.3773216561353188,4.615576876077123,0.11887194487983231,4.678154388271999,dandelion,4
../flowers(novas)/dandelion/dandelion-054.jpg,240,240,228.57142857142858,66075.5078125,4.232159750052807,35.366546135769035,0.09489293341810497,5.084157113147057,dandelion,4
../flowers(novas)/dandelion/dandelion-059.jpg,240,240,238.01652892561984,31384.78125,-0.08563550792474954,-1.597942084092506,0.07954819432210519,5.135332929006698,dandelion,4
../flowers(novas)/dandelion/dandelion-038.jpg,240,240,253.7444933920705,48023.7890625,0.7904063120535966,-0.5099294964381564,0.08724556882451905,5.022910863916759,dandelion,4
../flowers(novas)/dandelion/dandelion-011.jpg,240,240,231.32530120481928,42740.875,1.0438039216993433,0.1185848960114968,0.08487730569242251,5.146100674604357,dandelion,4
../flowers(novas)/dandelion/dandelion-055.jpg,240,240,225.0,14510.5390625,0.7896571667318353,2.9771384688174933,0.07089351422916487,5.387495640278104,dandelion,4
../flowers(novas)/dandelion/dandelion-051.jpg,240,240,242.01680672268907,47981.28125,1.9477932293642923,6.2617233216624175,0.08722676971956417,5.100772858522225,dandelion,4
../flowers(novas)/dandelion/dandelion-089.jpg,240,240,225.88235294117646,47935.125,0.7821348712210188,-0.676202018082273,0.0872063525017912,5.0524632099185585,dandelion,4
../flowers(novas)/dandelion/dandelion-027.jpg,240,240,250.43478260869566,39985.6640625,0.912924913215227,0.11199196008444368,0.08361557023108462,5.126776588953421,dandelion,4
../flowers(novas)/dandelion/dandelion-041.jpg,240,240,234.14634146341464,49985.6171875,0.945728324483894,-0.35231045399722216,0.08810882422574313,5.045570921326719,dandelion,4
../flowers(novas)/dandelion/dandelion-081.jpg,240,240,225.0,31644.1875,1.054353282155915,0.35739979450807624,0.07967390497684458,5.246989343752866,dandelion,4
../flowers(novas)/dandelion/dandelion-017.jpg,240,240,225.0,79655.4765625,3.465219892202103,12.304145054773072,0.10026218583095178,5.099718500179623,dandelion,4
../flowers(novas)/dandelion/dandelion-003.jpg,240,240,244.0677966101695,130622.5078125,2.0128337478145637,3.3065683178927365,0.11825881450342138,4.5470598638689,dandelion,4
../flowers(novas)/dandelion/dandelion-084.jpg,240,240,242.01680672268907,119925.359375,2.025377924408576,4.1714898266291875,0.11471595334466209,4.580904374838719,dandelion,4
../flowers(novas)/dandelion/dandelion-039.jpg,240,240,228.57142857142858,18038.28125,0.3742446961205431,-0.1992972964762587,0.07278799824863444,5.342203297050855,dandelion,4
../flowers(novas)/dandelion/dandelion-047.jpg,240,240,228.57142857142858,27686.0546875,0.5402045295504909,-0.26579545542038874,0.07773364555849205,5.229255058818808,dandelion,4
../flowers(novas)/dandelion/dandelion-065.jpg,240,240,232.25806451612902,61520.75,2.1777363832623826,6.505029172137627,0.0930226932023433,5.0237633680719815,dandelion,4
../flowers(novas)/dandelion/dandelion-010.jpg,240,240,234.14634146341464,36746.140625,0.403767885845904,-0.27114390864239635,0.08210724911277496,5.091742434426706,dandelion,4
../flowers(novas)/dandelion/dandelion-073.jpg,240,240,225.0,25840.53125,1.5405207196911894,2.423289723822574,0.07681222657888634,5.315804245711499,dandelion,4
../flowers(novas)/dandelion/dandelion-052.jpg,240,240,231.32530120481928,22768.203125,-0.29780163727900266,-1.519255211176674,0.07525327764743606,5.245642661969903,dandelion,4
../flowers(novas)/dandelion/dandelion-082.jpg,240,240,227.6679841897233,56277.7421875,1.489763985785777,1.9960698561110766,0.09082217999291321,5.044141094757156,dandelion,4
../flowers(novas)/dandelion/dandelion-046.jpg,240,240,225.0,31128.515625,2.9146364290836058,10.296335345163188,0.07942381026953745,5.316098869019349,dandelion,4
../flowers(novas)/dandelion/dandelion-058.jpg,240,240,246.15384615384616,226183.515625,2.9592993558749656,7.825736112410381,0.1461460973176782,4.347463090436889,dandelion,4
../flowers(novas)/dandelion/dandelion-033.jpg,240,240,236.0655737704918,89435.15625,2.24641122562063,3.982639116709355,0.10395725478175759,4.914050063243283,dandelion,4
../flowers(novas)/dandelion/dandelion-096.jpg,240,240,225.0,28407.0,0.8707534222707176,-0.47678496599066866,0.07809064059250728,5.280589002740667,dandelion,4
../flowers(novas)/dandelion/dandelion-007.jpg,240,240,226.77165354330708,32231.875,0.8377488679526767,-0.5159027604061963,0.07995797266048775,5.23081183886287,dandelion,4
../flowers(novas)/dandelion/dandelion-037.jpg,240,240,253.7444933920705,39698.890625,0.5179486585869819,-0.7737769230379432,0.08348314803009906,5.083279920997989,dandelion,4
../flowers(novas)/dandelion/dandelion-036.jpg,240,240,251.52838427947597,55915.359375,1.4072782329052824,1.5691987330118922,0.09066811314843906,5.00671807835114,dandelion,4
../flowers(novas)/dandelion/dandelion-050.jpg,240,240,229.4820717131474,30017.796875,1.0229023617253366,1.3666036403709008,0.0788824316972949,5.230611332310506,dandelion,4
../flowers(novas)/dandelion/dandelion-035.jpg,240,240,227.6679841897233,65259.6328125,2.6736602355349937,7.439601183789298,0.09456064453456135,5.092380316931742,dandelion,4
../flowers(novas)/dandelion/dandelion-024.jpg,240,240,233.19838056680163,26936.75,-0.11068618260990744,-1.3395779767426543,0.07736086175902364,5.18858250195813,dandelion,4
../flowers(novas)/dandelion/dandelion-009.jpg,240,240,225.88235294117646,13251.140625,0.137687036912604,-1.1097371905303341,0.07020480435410491,5.401281945842947,dandelion,4
../flowers(novas)/dandelion/dandelion-080.jpg,240,240,258.29596412556054,38582.4765625,0.7361705125398685,-0.19476383637714134,0.0829656130251404,5.1143538378067905,dandelion,4
../flowers(novas)/dandelion/dandelion-012.jpg,240,240,230.4,71941.6015625,3.4764900183474965,12.858654615127167,0.09724864782236985,5.1095050859547255,dandelion,4
../flowers(novas)/dandelion/dandelion-056.jpg,240,240,260.6334841628959,89388.453125,2.2798872785961453,5.53502674640122,0.10393992103889144,4.851511956490889,dandelion,4
../flowers(novas)/dandelion/dandelion-072.jpg,240,240,229.4820717131474,563016.734375,4.372726858664352,18.751604535566386,0.2175980221815682,3.630756984516616,dandelion,4
../flowers(novas)/dandelion/dandelion-040.jpg,240,240,230.4,41750.0703125,0.657502612836897,-0.8724019252137922,0.08442574277216146,5.107486255962896,dandelion,4
../flowers(novas)/dandelion/dandelion-067.jpg,240,240,235.10204081632654,24890.7265625,-0.06340237694704585,-1.256811037667491,0.07633368033364643,5.224509056523635,dandelion,4
../flowers(novas)/dandelion/dandelion-074.jpg,240,240,236.0655737704918,21964.53125,-0.061374370511197,-1.13222651929811,0.07484012344947127,5.272843884200387,dandelion,4
../flowers(novas)/dandelion/dandelion-064.jpg,240,240,282.3529411764706,168396.9765625,2.093312185274842,3.762129351099661,0.12999939950077952,4.293658234245871,dandelion,4
../flowers(novas)/dandelion/dandelion-077.jpg,240,240,225.0,28638.921875,0.7635564020780455,-0.9749850928516968,0.07820513636937455,5.275551264385844,dandelion,4
../flowers(novas)/dandelion/dandelion-071.jpg,240,240,230.4,22511.5078125,0.8893734715531504,0.2843399932049002,0.07512156188210202,5.319803847983858,dandelion,4
../flowers(novas)/dandelion/dandelion-029.jpg,240,240,254.86725663716814,190594.21875,2.158397164098543,3.4123833184052312,0.1364279811451883,4.26786724366121,dandelion,4
../flowers(novas)/dandelion/dandelion-094.jpg,240,240,289.4472361809045,61875.3515625,1.1568102699155862,0.7489792779580364,0.09316964463971979,4.904907151884267,dandelion,4
../flowers(novas)/dandelion/dandelion-060.jpg,240,240,230.4,14876.3515625,-0.34004243538850293,-0.7833580196811005,0.0710923106454485,5.3515652051303935,dandelion,4
../flowers(novas)/dandelion/dandelion-048.jpg,240,240,243.0379746835443,122575.9453125,2.012055995000211,2.973204686951309,0.11560393795906573,4.67044785042344,dandelion,4
../flowers(novas)/dandelion/dandelion-062.jpg,240,240,242.01680672268907,40414.5390625,1.1106767906897625,2.232224051026553,0.08381321967243334,5.10176556338015,dandelion,4
../flowers(novas)/dandelion/dandelion-015.jpg,240,240,225.0,81772.0390625,12.514929752836583,173.79826341565632,0.10107334423732282,5.288495939623581,dandelion,4
